"year","level","age_d","sex","n_d","lower_age","upper_age","deaths","deaths-adj","qx","k","q28_5","reg_year","p.qx","p.qx_p","p.qx_m","deaths_28"
2009,"Aegean",21,"total",7,0,28,49,49,0.0101886026837221,-0.178987400998486,0.0069454700582129,"2009 Aegean",0.00805481647004253,0.010623966331955,0.00622703448039612,1282
2009,"Central Anatolia",21,"total",7,0,28,23,23.1147704590818,0.00769577426719536,0.410921778351405,0.00832322451649134,"2009 Central Anatolia",0.00941787634973098,0.0122613049639928,0.00734949043016592,493.450099800399
2009,"Central East Anatolia",21,"total",7,0,28,44,44,0.00970781097290061,1.08048431262151,0.0177150033363287,"2009 Central East Anatolia",0.0166114617481793,0.0206442327424477,0.0134486402756482,887
2009,"East Black Sea",21,"total",7,0,28,13,13,0.00772167186345856,0.149480500950199,0.00679483894335574,"2009 East Black Sea",0.00789847990282239,0.0104345504820387,0.00609927634337332,271
2009,"East Marmara",21,"total",7,0,28,41,41,0.0090020353417963,-0.132576307115092,0.0062866320687263,"2009 East Marmara",0.00735928554225355,0.00977830660635038,0.00566036368484936,898
2009,"İstanbul",21,"total",7,0,28,99,99.1716961498439,0.00744147603441546,0.116029619873946,0.00634745598746034,"2009 İstanbul",0.00742480062083434,0.00985830065630187,0.00571354736881892,1532.65348595213
2009,"Mediterranean",21,"total",7,0,28,77,77,0.00889612998354116,0.239041071882369,0.00858867977525394,"2009 Mediterranean",0.0096677891067863,0.0125590700471136,0.00755681784073792,1494
2009,"Northeast Anatolia",21,"total",7,0,28,19,19,0.00636962058424434,1.72653869629009,0.015825411292413,"2009 Northeast Anatolia",0.0153734435981091,0.0192220284040218,0.0123837519049666,317
2009,"Southeast Anatolia",21,"total",7,0,28,128,128.025437201908,0.0101276595988886,0.849548926821897,0.015944578672879,"2009 Southeast Anatolia",0.0154539104908068,0.01931465538093,0.0124528172299496,2193.43581081081
2009,"WEST ANATOLIA",21,"total",7,0,28,51,51,0.00954422514981194,-0.110648251715372,0.00686692765747126,"2009 WEST ANATOLIA",0.00797349196989745,0.0105254803720517,0.0061605490862458,1032
2009,"WEST BLACK SEA",21,"total",7,0,28,26,26,0.00858600390900424,0.206745322653645,0.00802732156795346,"2009 WEST BLACK SEA",0.0091347054909542,0.0119230672642454,0.00711511467392443,530
2009,"WEST MARMARA",21,"total",7,0,28,5,5,0.00968993393729711,-0.267735229886819,0.00598786326190859,"2009 WEST MARMARA",0.00703343793758467,0.00937931887353351,0.00539647723346713,337
2010,"Aegean",21,"total",7,0,28,61,61,0.0084347959880207,-0.137849004623273,0.0058142326250308,"2010 Aegean",0.00684090804419164,0.00914265024301237,0.00524106502400686,1041
2010,"Central Anatolia",21,"total",7,0,28,22,22,0.00705358882315259,0.446372352606303,0.00775768561873421,"2010 Central Anatolia",0.0088722872394618,0.0116087717577767,0.00689845019760141,426
2010,"Central East Anatolia",21,"total",7,0,28,43,43,0.00775660946674679,1.38782154708595,0.0163389135826536,"2010 Central East Anatolia",0.0157177976260301,0.0196182296989979,0.01267946340595,690
2010,"East Black Sea",21,"total",7,0,28,18,18,0.00669501418903097,0.464068184087069,0.00742533683738643,"2010 East Black Sea",0.00854283139671723,0.0112129635710726,0.00662719636695704,217
2010,"East Marmara",21,"total",7,0,28,37,37,0.00686689389852235,0.0915546101542751,0.00570959936459005,"2010 East Marmara",0.00672373161208386,0.00899825742526997,0.00514666947145812,689
2010,"İstanbul",21,"total",7,0,28,67,67,0.00637141475779012,0.214257100911011,0.00583188864674758,"2010 İstanbul",0.00686059440239754,0.0091668825571208,0.00525693832461407,1291
2010,"Mediterranean",21,"total",7,0,28,75,75,0.00790367817735549,0.344533827215607,0.00815188343088091,"2010 Mediterranean",0.00925450996379534,0.0120662822563972,0.00721420307232955,1267
2010,"Northeast Anatolia",21,"total",7,0,28,18,18,0.00761802079218459,1.19203153904818,0.0141190123665347,"2010 Northeast Anatolia",0.0141819981507073,0.0178471134118265,0.0113637766924056,366
2010,"Southeast Anatolia",21,"total",7,0,28,128,128,0.00907794793587798,1.00920872749404,0.0155083016302319,"2010 Southeast Anatolia",0.0151576485354408,0.0189734846788647,0.0121986411256419,1957
2010,"WEST ANATOLIA",21,"total",7,0,28,26,26,0.00838113915329875,-0.0416627479054432,0.00630929353001165,"2010 WEST ANATOLIA",0.00738372678765078,0.00980815805371624,0.00568019967727117,883
2010,"WEST BLACK SEA",21,"total",7,0,28,11,11,0.00757534808801178,0.247290695959452,0.00720227686776762,"2010 WEST BLACK SEA",0.00831784466935048,0.0109418372474802,0.00644246205838665,448
2010,"WEST MARMARA",21,"total",7,0,28,10,10,0.00754091914085566,-0.166825178833213,0.00501254139945594,"2010 WEST MARMARA",0.00591992949763281,0.00799986765916883,0.00450325240983878,258
2011,"Aegean",21,"total",7,0,28,28,28,0.00800234090238678,-0.0790444548860151,0.00579544203687632,"2011 Aegean",0.00681992941387391,0.00911681890051319,0.00522415424804428,994
2011,"Central Anatolia",21,"total",7,0,28,23,23,0.00656614559550003,0.536515112203362,0.00766243567504437,"2011 Central Anatolia",0.0087785559681262,0.0114963049259798,0.00682118997856085,392
2011,"Central East Anatolia",21,"total",7,0,28,39,39,0.00667406943352777,1.60650881607512,0.015580410244712,"2011 Central East Anatolia",0.0152069343235409,0.0190302678862926,0.0122409049249706,582
2011,"East Black Sea",21,"total",7,0,28,10,10,0.00704785211274281,0.15348851529838,0.00617535902974239,"2011 East Black Sea",0.00723871762903523,0.00963089778481067,0.00556259891004053,224
2011,"East Marmara",21,"total",7,0,28,27,27,0.00665474082272084,0.0874142586387879,0.00550724970393496,"2011 East Marmara",0.00649460587776552,0.00871510721693431,0.00496251738901771,665
2011,"İstanbul",21,"total",7,0,28,64,64,0.00500595478512489,0.37866392859141,0.00518174430840091,"2011 İstanbul",0.00611885453011523,0.00824830996991797,0.00466179201224948,1066
2011,"Mediterranean",21,"total",7,0,28,70,70,0.00784192354944295,0.295819833550083,0.00777829162828555,"2011 Mediterranean",0.00889249304177409,0.0116330019817346,0.00691511428170079,1275
2011,"Northeast Anatolia",21,"total",7,0,28,30,30,0.00918304848637724,0.867202447328043,0.0142716193389982,"2011 Northeast Anatolia",0.0142916928516914,0.0179739822832018,0.0114574673097929,455
2011,"Southeast Anatolia",21,"total",7,0,28,121,121,0.00915800611347355,0.813309802599145,0.0136977261973577,"2011 Southeast Anatolia",0.013875751996082,0.0174925953286002,0.0111024577452629,1954
2011,"WEST ANATOLIA",21,"total",7,0,28,35,35,0.00795889503267169,-0.051337754559758,0.00590767994989241,"2011 WEST ANATOLIA",0.00694482107674136,0.00927047400095998,0.00532489694130783,869
2011,"WEST BLACK SEA",21,"total",7,0,28,29,29,0.00673955362073527,0.288869467594913,0.00655569767355503,"2011 WEST BLACK SEA",0.00764705655974942,0.0101291363644775,0.00589427579467726,388
2011,"WEST MARMARA",21,"total",7,0,28,5,5,0.00645537141467624,-0.0298445277541866,0.00483487518545986,"2011 WEST MARMARA",0.00570832698994871,0.00773452266314043,0.00433513555778282,227
2012,"Aegean",21,"total",7,0,28,52,52,0.00855624086235486,-0.186505416349491,0.00563824442192524,"2012 Aegean",0.00664331672738037,0.0088990052860469,0.00508197354844324,1113
2012,"Central Anatolia",21,"total",7,0,28,25,25,0.00738546403640724,0.190692803106522,0.00669352722088306,"2012 Central Anatolia",0.00779245393012265,0.0103058778560067,0.00601275654599191,440
2012,"Central East Anatolia",21,"total",7,0,28,47,47,0.00720782933274519,1.20792396756577,0.0133544135325019,"2012 Central East Anatolia",0.0136223568973979,0.0171988852462211,0.0108865187824681,615
2012,"East Black Sea",21,"total",7,0,28,8,8,0.00773503429392205,-0.150364984008084,0.00522981564618445,"2012 East Black Sea",0.00617491510168209,0.00831815627292745,0.0047065559017427,240
2012,"East Marmara",21,"total",7,0,28,49,49,0.00733544056866436,-0.228602652213819,0.00459061648788824,"2012 East Marmara",0.00541274920557799,0.00736191265242143,0.00410124155259382,754
2012,"İstanbul",21,"total",7,0,28,69,69,0.00577901755856584,0.112803092786249,0.00487662629205706,"2012 İstanbul",0.00575830716878674,0.00779729929101202,0.00437479465937663,1239
2012,"Mediterranean",21,"total",7,0,28,64,64,0.0083042838091771,0.0572405341746226,0.0068145846806423,"2012 Mediterranean",0.00791906180313032,0.0104595084663464,0.00611608342689224,1349
2012,"Northeast Anatolia",21,"total",7,0,28,22,22,0.00777416451139457,0.933646326906253,0.0122086394149773,"2012 Northeast Anatolia",0.0127501074744995,0.0161850839628596,0.0101452746381722,396
2012,"Southeast Anatolia",21,"total",7,0,28,112,112,0.00950294674046418,0.61317773974416,0.0124140414301603,"2012 Southeast Anatolia",0.0129096188192152,0.0163708189111848,0.0102805790401667,2091
2012,"WEST ANATOLIA",21,"total",7,0,28,28,28,0.00724483293884437,-0.00370306461142616,0.00557055739954883,"2012 WEST ANATOLIA",0.00656665183018467,0.00880425804546002,0.00502035997927724,782
2012,"WEST BLACK SEA",21,"total",7,0,28,19,19,0.00722992418282532,0.18728599043112,0.00652294661290328,"2012 WEST BLACK SEA",0.00761230893749566,0.0100868476423496,0.00586598983258746,419
2012,"WEST MARMARA",21,"total",7,0,28,17,17,0.00778520607270922,-0.232188938341507,0.00486792100920638,"2012 WEST MARMARA",0.0057478990420273,0.00778423167363723,0.00436653328382678,291
2013,"Aegean",21,"total",7,0,28,32,32,0.00576707131885967,0.202000078073768,0.00522105446228963,"2013 Aegean",0.00616471272112542,0.00830545046858523,0.00469840665109566,752
2013,"Central Anatolia",21,"total",7,0,28,15,15,0.00623164896193756,0.266057757684872,0.00593392156574574,"2013 Central Anatolia",0.00697387800203062,0.00930617992890702,0.00534835875630984,370
2013,"Central East Anatolia",21,"total",7,0,28,39,39,0.00965488331735892,0.52792220925278,0.0118789210500337,"2013 Central East Anatolia",0.0124910282028954,0.0158830711004812,0.00992576186074927,812
2013,"East Black Sea",21,"total",7,0,28,15,15,0.00542076942722529,0.296682190631852,0.00527638906559381,"2013 East Black Sea",0.00622903891951243,0.0083855208311197,0.00474980807924605,181
2013,"East Marmara",21,"total",7,0,28,29,29,0.00546710083060741,0.262231426022523,0.00518540351043359,"2013 East Marmara",0.00612312890260238,0.00825363801771978,0.00466520376490718,586
2013,"İstanbul",21,"total",7,0,28,110,110,0.00535895016979129,0.146325893324596,0.00465320594750381,"2013 İstanbul",0.005489009628414,0.00745827494262022,0.00416148011407326,1154
2013,"Mediterranean",21,"total",7,0,28,83,83,0.00790100845656537,0.0894087307429579,0.00662726483422163,"2013 Mediterranean",0.00772272072171295,0.010221153972259,0.00595590833658252,1279
2013,"Northeast Anatolia",21,"total",7,0,28,36,36,0.00977199472669037,0.40585272048345,0.0109778442022121,"2013 Northeast Anatolia",0.0117629303368658,0.0150319131789475,0.00931059479600237,462
2013,"Southeast Anatolia",21,"total",7,0,28,125,125,0.00980378123475923,0.419804697067535,0.0111421875140958,"2013 Southeast Anatolia",0.0118980054660923,0.0151900983498721,0.00942451862949111,2153
2013,"WEST ANATOLIA",21,"total",7,0,28,30,30,0.0060742262636353,0.19231626635704,0.0054588849090832,"2013 WEST ANATOLIA",0.00643934128612731,0.00864664715252218,0.00491818687953676,662
2013,"WEST BLACK SEA",21,"total",7,0,28,14,14,0.00543451046453838,0.435320236395218,0.00585184529972052,"2013 WEST BLACK SEA",0.00688281617775175,0.00919422669941151,0.00527486084904203,305
2013,"WEST MARMARA",21,"total",7,0,28,17,17,0.0064672398049297,-0.26498366837872,0.0039071238500776,"2013 WEST MARMARA",0.00455605033066369,0.00626734631985926,0.00342993777769617,226
2014,"Aegean",21,"total",7,0,28,51,51,0.00626132827163287,-0.0151090012909564,0.00474922457553713,"2014 Aegean",0.00560530137679308,0.00760491370184007,0.00425348384423242,843
2014,"Central Anatolia",21,"total",7,0,28,21,21,0.0070903046075199,0.0388001760975133,0.0056483755241524,"2014 Central Anatolia",0.00665475936944414,0.00891313641436362,0.00509117519343849,436
2014,"Central East Anatolia",21,"total",7,0,28,45,45,0.00955762731367909,0.330693066429095,0.0100703407636863,"2014 Central East Anatolia",0.0109973756334105,0.0141327597058357,0.00866676090951438,793
2014,"East Black Sea",21,"total",7,0,28,8,8,0.00643811166468375,0.0449444616511582,0.00513862998637225,"2014 East Black Sea",0.00606840445459759,0.0081853910575058,0.00462153963792269,192
2014,"East Marmara",21,"total",7,0,28,40,40,0.00641799490848746,-0.253010989914671,0.00392340283927984,"2014 East Marmara",0.00457696973132338,0.00629436010806721,0.00344620684357363,680
2014,"İstanbul",21,"total",7,0,28,107,107,0.00604744561433264,0.034066970123229,0.00478248865925346,"2014 İstanbul",0.00564539243941095,0.00765538256540274,0.00428524164010726,1361
2014,"Mediterranean",21,"total",7,0,28,80,80,0.00818721796502798,-0.0378717516955232,0.00616839047830912,"2014 Mediterranean",0.00723113604201237,0.00962161980238923,0.00555645602862814,1399
2014,"Northeast Anatolia",21,"total",7,0,28,24,24,0.00798561706514319,0.554672548513218,0.00966297854978201,"2014 Northeast Anatolia",0.0106422275373466,0.0137140090251551,0.00836920557050141,374
2014,"Southeast Anatolia",21,"total",7,0,28,133,133,0.0114197964037537,0.0385837240504944,0.0098050339453509,"2014 Southeast Anatolia",0.0107669242434457,0.013861161560148,0.00847359584487627,2502
2014,"WEST ANATOLIA",21,"total",7,0,28,34,34,0.00530945696390151,0.17495182153096,0.00471543315260219,"2014 WEST ANATOLIA",0.00556447152387047,0.00755347073065665,0.00422116178205528,601
2014,"WEST BLACK SEA",21,"total",7,0,28,17,17,0.00745195239571345,-0.201363433004939,0.00479052035235745,"2014 WEST BLACK SEA",0.00565505745233579,0.00766754305735598,0.00429290073561083,400
2014,"WEST MARMARA",21,"total",7,0,28,7,7,0.0058629259257849,-0.158158461869567,0.00393006904947956,"2014 WEST MARMARA",0.00458552890280412,0.00630540835550609,0.00345286517324102,220
2015,"Aegean",21,"total",7,0,28,49,49,0.00611591838643291,-0.0348033212314785,0.00456244944329669,"2015 Aegean",0.00537831173890676,0.00731834433810646,0.00407406400840809,800
2015,"Central Anatolia",21,"total",7,0,28,28,28,0.007334426936026,-0.0080759619963113,0.0056220528255949,"2015 Central Anatolia",0.00662501163718189,0.00887639376472533,0.00506725639745445,435
2015,"Central East Anatolia",21,"total",7,0,28,51,51,0.00917436473393808,0.28902783190337,0.00927388316694372,"2015 Central East Anatolia",0.0102958590165987,0.0133045298346459,0.00807973992876564,722
2015,"East Black Sea",21,"total",7,0,28,9,9,0.0050354397376966,0.313139754553868,0.0049702489267811,"2015 East Black Sea",0.00586981417000964,0.00793712588264576,0.00446338644616667,154
2015,"East Marmara",21,"total",7,0,28,39,39,0.00545542119768291,-0.0486580851610301,0.00404014775069926,"2015 East Marmara",0.00472625418102654,0.00648669347393789,0.00356249016259109,603
2015,"İstanbul",21,"total",7,0,28,80,80,0.00552210386874483,0.052934890668094,0.00444589912502782,"2015 İstanbul",0.00523503168951511,0.00713671046630411,0.00396115726287292,1241
2015,"Mediterranean",21,"total",7,0,28,71,71,0.00668585881281842,0.177349077745821,0.00595465056266458,"2015 Mediterranean",0.00699679282106594,0.00933432698045795,0.00536686732208686,1124
2015,"Northeast Anatolia",21,"total",7,0,28,16,16,0.00825707917471367,0.525570509477342,0.00983237655075423,"2015 Northeast Anatolia",0.010790820231596,0.0138893452885858,0.0084936110461245,366
2015,"Southeast Anatolia",21,"total",7,0,28,136,136,0.00953504207143104,0.286258469785187,0.00968987527252796,"2015 Southeast Anatolia",0.0106659085128401,0.013741965099053,0.00838902300299748,2091
2015,"WEST ANATOLIA",21,"total",7,0,28,39,39,0.00531609088489918,0.187622180085404,0.00476738528334912,"2015 WEST ANATOLIA",0.00562720178399372,0.00763248844036016,0.00427082954679955,624
2015,"WEST BLACK SEA",21,"total",7,0,28,13,13,0.00548192218853147,0.259933442204862,0.00519025505470963,"2015 WEST BLACK SEA",0.00612879428053483,0.00826069931031363,0.00466972613218775,319
2015,"WEST MARMARA",21,"total",7,0,28,15,15,0.00454849690809233,0.236275313456786,0.0042688796125058,"2015 WEST MARMARA",0.00501497996978852,0.00685656958912197,0.00378829004451714,181
2016,"Aegean",21,"total",7,0,28,43,43,0.00588975439212272,0.031716085142883,0.00465062485269218,"2016 Aegean",0.00548587190027691,0.00745431330278739,0.00415900011807677,792
2016,"Central Anatolia",21,"total",7,0,28,18,18,0.0051640229819244,0.537907414305345,0.0059745394893213,"2016 Central Anatolia",0.007018747500645,0.00936128537427092,0.00538460544202907,308
2016,"Central East Anatolia",21,"total",7,0,28,39,39,0.00886536169245236,0.246099499264751,0.00860320780560884,"2016 Central East Anatolia",0.00968135701228323,0.0125752165417283,0.0075680862794132,680
2016,"East Black Sea",21,"total",7,0,28,13,13,0.00457083143509428,0.296964204565389,0.00448174470479619,"2016 East Black Sea",0.00527923295020938,0.0071928070850035,0.00399595945682381,149
2016,"East Marmara",21,"total",7,0,28,37,37,0.00537914218029374,0.085572334619341,0.00445128521216793,"2016 East Marmara",0.00524168095315724,0.0071451528242898,0.00396639094423729,594
2016,"İstanbul",21,"total",7,0,28,69,69,0.00534844274086494,0.0980151133118272,0.00447113330250264,"2016 İstanbul",0.00526616051699523,0.00717622257123215,0.00398566406619974,1211
2016,"Mediterranean",21,"total",7,0,28,81,81,0.00664743489635941,0.205814737691961,0.00605461884565179,"2016 Mediterranean",0.00710683406100947,0.00946935741587134,0.00545582387516715,1132
2016,"Northeast Anatolia",21,"total",7,0,28,22,22,0.00762645646882323,0.48705328765577,0.00872220048823317,"2016 Northeast Anatolia",0.00979206579026943,0.0127068929292149,0.00766007962981538,321
2016,"Southeast Anatolia",21,"total",7,0,28,116,116,0.00913381286608887,0.33428861118764,0.00956446926162113,"2016 Southeast Anatolia",0.0105552100601282,0.0136112393895871,0.00829641414673972,1986
2016,"WEST ANATOLIA",21,"total",7,0,28,35,35,0.0051979416542909,0.0507351543057644,0.00419074036778218,"2016 WEST ANATOLIA",0.00491690439240017,0.0067312308416291,0.00371145822760685,598
2016,"WEST BLACK SEA",21,"total",7,0,28,10,10,0.00518159700390107,0.42259722748032,0.00553023303388123,"2016 WEST BLACK SEA",0.00652079988523005,0.00874753278352109,0.0049835407902029,273
2016,"WEST MARMARA",21,"total",7,0,28,13,13,0.00436149244441944,0.0642359247949388,0.00361157153621324,"2016 WEST MARMARA",0.00417188493303212,0.00576841702350432,0.00313232659262473,175
2017,"Aegean",21,"total",7,0,28,43,43,0.00542270027179664,0.0138079672308937,0.00423207511237475,"2017 Aegean",0.00496885730174331,0.0067976635814801,0.00375214119412806,701
2017,"Central Anatolia",21,"total",7,0,28,14,14,0.00588160444699579,0.218507443013369,0.00539327188675051,"2017 Central Anatolia",0.00636405502588796,0.00855327866908056,0.00485785109403434,351
2017,"Central East Anatolia",21,"total",7,0,28,25,25,0.0081674105089662,0.268022038584534,0.0079665667740804,"2017 Central East Anatolia",0.00907594803031811,0.0118527664242043,0.00706655640194096,616
2017,"East Black Sea",21,"total",7,0,28,7,7,0.00631656730132001,0.00344986297245409,0.00486742945789929,"2017 East Black Sea",0.0057473111348648,0.00778349346107703,0.00436606667689954,187
2017,"East Marmara",21,"total",7,0,28,42,42,0.0050470132822439,-0.0381470819643219,0.003792847159244,"2017 East Marmara",0.00440848964743556,0.00607635235619544,0.00331536233334932,553
2017,"İstanbul",21,"total",7,0,28,79,79,0.00514481017971558,0.0790250519012005,0.00424546014240222,"2017 İstanbul",0.00498564599562107,0.00681911316324768,0.00376529600182902,1137
2017,"Mediterranean",21,"total",7,0,28,53,53,0.00611031356668356,0.239429242655268,0.00569719187034444,"2017 Mediterranean",0.00670977837617851,0.00898104503462902,0.00513543872146068,999
2017,"Northeast Anatolia",21,"total",7,0,28,23,23,0.00729362397254124,0.35119290476636,0.00749138585284896,"2017 Northeast Anatolia",0.00860884699731156,0.0112923877090942,0.00668148004468617,294
2017,"Southeast Anatolia",21,"total",7,0,28,112,112,0.00847921298540442,0.318520123071805,0.00865656766005698,"2017 Southeast Anatolia",0.00973109439883854,0.0126343898564148,0.00760940511368594,1830
2017,"WEST ANATOLIA",21,"total",7,0,28,36,36,0.00537844546635598,0.173227195547142,0.00476817565751732,"2017 WEST ANATOLIA",0.00562815423256401,0.00763368737634252,0.00427158404907125,611
2017,"WEST BLACK SEA",21,"total",7,0,28,15,15,0.00492793414726901,0.183898707448403,0.00442286846415493,"2017 WEST BLACK SEA",0.00520656911049448,0.00710055770419002,0.00393876086177166,262
2017,"WEST MARMARA",21,"total",7,0,28,21,21,0.00497874532279556,0.0213938807797867,0.00393265338351196,"2017 WEST MARMARA",0.00458884595616716,0.00630968934316545,0.00345544585451812,186
2018,"Aegean",21,"total",7,0,28,37,37,0.00599019550688792,-0.106883910076988,0.00419919530456308,"2018 Aegean",0.00492754443688249,0.00674484338704535,0.00371978710595203,737
2018,"Central Anatolia",21,"total",7,0,28,21,21,0.00612341190028737,0.0995531785808245,0.00511038189069453,"2018 Central Anatolia",0.00603526225567089,0.00814402495134533,0.00459511301791246,348
2018,"Central East Anatolia",21,"total",7,0,28,30,30,0.0066454423982316,0.538872602625793,0.0077758642557285,"2018 Central East Anatolia",0.00889011413073515,0.0116301495230793,0.00691315218711198,512
2018,"East Black Sea",21,"total",7,0,28,5,5,0.00499756916034642,0.0535844318968286,0.00404949199551522,"2018 East Black Sea",0.00473814678574131,0.00650198275761328,0.0035717675734417,154
2018,"East Marmara",21,"total",7,0,28,37,37,0.0052244255574888,0.0143875088239701,0.00408850391292625,"2018 East Marmara",0.00478770821802715,0.00656564848117667,0.00361045215296629,574
2018,"İstanbul",21,"total",7,0,28,75,75,0.00508294520287531,0.063613546965507,0.0041466103481175,"2018 İstanbul",0.00486125917091741,0.0066599806875869,0.00366792574647566,1108
2018,"Mediterranean",21,"total",7,0,28,63,63,0.0056359673806773,0.287982308131823,0.0054486984291558,"2018 Mediterranean",0.00642767670407585,0.00863218903856967,0.00490883449490017,891
2018,"Northeast Anatolia",21,"total",7,0,28,16,16,0.00578920243680575,0.878659248588627,0.00844579018689395,"2018 Northeast Anatolia",0.00953374065667403,0.0123994393503546,0.00744555660095269,225
2018,"Southeast Anatolia",21,"total",7,0,28,114,114,0.0084687882810808,0.290407051162477,0.0084537626295754,"2018 Southeast Anatolia",0.00954124880434999,0.0124083855254255,0.00745178509098828,1844
2018,"WEST ANATOLIA",21,"total",7,0,28,31,31,0.00498598761744865,0.477430992021936,0.00553387372974155,"2018 WEST ANATOLIA",0.00652494515627752,0.00875266288328168,0.00498686849571758,570
2018,"WEST BLACK SEA",21,"total",7,0,28,19,19,0.0057161427281625,0.13283556196952,0.0049021265574928,"2018 WEST BLACK SEA",0.00578875637495995,0.00783551297710588,0.00439897120660741,299
2018,"WEST MARMARA",21,"total",7,0,28,13,13,0.0044067282296963,0.198921151210384,0.004034755759212,"2018 WEST MARMARA",0.00471938790386601,0.00647786392707358,0.00355713470801804,187
2019,"Aegean",21,"total",7,0,28,36,36,0.00548000353882927,0.0475227630902057,0.00439408607916381,"2019 Aegean",0.00517092833089504,0.00705525339839375,0.00391073148522364,637
2019,"Central Anatolia",21,"total",7,0,28,14,14,0.0071282886306308,0.11519109260089,0.0060568938981085,"2019 Central Anatolia",0.00710932937388894,0.00947241678684027,0.00545784249725999,384
2019,"Central East Anatolia",21,"total",7,0,28,34,34,0.00710635931088748,0.278589054089358,0.00688406534097782,"2019 Central East Anatolia",0.00799127238313306,0.0105470213507026,0.00617508015595555,509
2019,"East Black Sea",21,"total",7,0,28,10,10,0.00422918708276829,0.135612857386816,0.00371044340107409,"2019 East Black Sea",0.00430131765656666,0.00593713420222705,0.00323235019294008,124
2019,"East Marmara",21,"total",7,0,28,36,36,0.00432446850879234,0.415757391684511,0.00462792048322956,"2019 East Marmara",0.00545824473406455,0.00741942000843099,0.00413716966463426,471
2019,"İstanbul",21,"total",7,0,28,53,53,0.00473635110268577,0.159699098020686,0.0041850938995662,"2019 İstanbul",0.00490979486332104,0.00672213310665826,0.00370589386897787,951
2019,"Mediterranean",21,"total",7,0,28,56,56,0.00572549486364976,0.287397573156576,0.00553292723754424,"2019 Mediterranean",0.00652386759233648,0.00875132934786973,0.0049860034397983,850
2019,"Northeast Anatolia",21,"total",7,0,28,19,19,0.00646185625734393,0.411015071664655,0.00687508372099327,"2019 Northeast Anatolia",0.00798195641022337,0.0105357356391255,0.00616746631342208,244
2019,"Southeast Anatolia",21,"total",7,0,28,127,127,0.0078245864205895,0.506767129705079,0.0091124005896245,"2019 Southeast Anatolia",0.0101499724696021,0.0131317257994673,0.00795804572178701,1645
2019,"WEST ANATOLIA",21,"total",7,0,28,25,25,0.00485401782685485,0.295551878736881,0.00473755721961727,"2019 WEST ANATOLIA",0.00559121559913081,0.00758717158331316,0.00424233074958512,524
2019,"WEST BLACK SEA",21,"total",7,0,28,9,9,0.00459858888005411,0.41156481523467,0.00488879086699555,"2019 WEST BLACK SEA",0.00577283985301494,0.00781554073085873,0.00438633212054581,229
2019,"WEST MARMARA",21,"total",7,0,28,7,7,0.00479912124160695,0.123783391219991,0.00412147316479807,"2019 WEST MARMARA",0.00482948001105167,0.00661924438329339,0.00364308374468256,181
2020,"Aegean",21,"total",7,0,28,24,24,0.00450061604803336,0.128526104752148,0.00390133787114096,"2020 Aegean",0.00454860895552639,0.00625773334250975,0.0034241521465352,521
2020,"Central Anatolia",21,"total",7,0,28,11,11,0.00612949344973015,0.253788378220539,0.00577915307968445,"2020 Central Anatolia",0.00680172093055193,0.00909439147328683,0.00520948024649021,321
2020,"Central East Anatolia",21,"total",7,0,28,34,34,0.00772017784609846,0.184605844262123,0.00699219155393124,"2020 Central East Anatolia",0.00810299550942636,0.0106822659694702,0.00626644979689169,522
2020,"East Black Sea",21,"total",7,0,28,12,12,0.00454147173029591,0.110223048521779,0.00387876020547388,"2020 East Black Sea",0.00451954126389843,0.00622016403627383,0.00340155994364677,128
2020,"East Marmara",21,"total",7,0,28,24,24,0.00454182096730377,0.100498725814965,0.0038502176091763,"2020 East Marmara",0.00448272466791687,0.00617253608889576,0.00337296291351769,448
2020,"İstanbul",21,"total",7,0,28,48,48,0.00422736780850922,0.272827842654996,0.00410009361143615,"2020 İstanbul",0.00480240406601945,0.00658451077401843,0.00362192954111885,806
2020,"Mediterranean",21,"total",7,0,28,35,35,0.00526319946621622,0.419433779896317,0.00560378921270388,"2020 Mediterranean",0.00660433835234295,0.00885084860406193,0.005050639625201,761
2020,"Northeast Anatolia",21,"total",7,0,28,13,13,0.00633572050692801,0.483180123122994,0.00709712255813319,"2020 Northeast Anatolia",0.00821066927958967,0.0108124353735682,0.00635461064041137,227
2020,"Southeast Anatolia",21,"total",7,0,28,90,90,0.00814134536275401,0.325607990461759,0.00830749891208059,"2020 Southeast Anatolia",0.00940295081194631,0.0122434997675708,0.00733712224096726,1565
2020,"WEST ANATOLIA",21,"total",7,0,28,19,19,0.00505061929903109,-0.0265266920552373,0.00383193867326088,"2020 WEST ANATOLIA",0.00445910635371215,0.00614195642810339,0.00335462808651221,506
2020,"WEST BLACK SEA",21,"total",7,0,28,9,9,0.00386624951805118,0.681339859938956,0.00496694844595461,"2020 WEST BLACK SEA",0.00586589651664026,0.00793221855908571,0.00446027130250189,184
2020,"WEST MARMARA",21,"total",7,0,28,9,9,0.00447936708227542,0.131845453695879,0.00389452845557073,"2020 WEST MARMARA",0.00453984725512051,0.00624641221545085,0.00341734100898507,171
2021,"Aegean",21,"total",7,0,28,35,35,0.00542600611363384,0.0584762646030904,0.00439159948867386,"2021 Aegean",0.00516784557571008,0.00705133301319332,0.00390830788407016,591
2021,"Central Anatolia",21,"total",7,0,28,24,24,0.00641114239389665,0.0208524271254718,0.00501414297218815,"2021 Central Anatolia",0.00592182419830381,0.00800223850903574,0.00450476021299741,307
2021,"Central East Anatolia",21,"total",7,0,28,26,26,0.00744850070704663,0.373355207912428,0.00779849365732677,"2021 Central East Anatolia",0.00891227812341542,0.0116567227739126,0.00693143445383938,460
2021,"East Black Sea",21,"total",7,0,28,8,8,0.00517520494141486,-0.0533163718297644,0.0038321620867976,"2021 East Black Sea",0.00445939521897713,0.00614233055668573,0.00335485228191741,128
2021,"East Marmara",21,"total",7,0,28,26,26,0.00490838228125824,0.0415615830792429,0.00394498455025652,"2021 East Marmara",0.00460466454502186,0.00633009950705409,0.00346775498709348,480
2021,"İstanbul",21,"total",7,0,28,59,59,0.0043429488248366,0.282007310724517,0.00422954615385069,"2021 İstanbul",0.00496568335083635,0.00679360747601194,0.00374965467920857,824
2021,"Mediterranean",21,"total",7,0,28,50,50,0.00565355795088957,0.291699456607972,0.00548096367692733,"2021 Mediterranean",0.00646459402259007,0.00867793758130547,0.00493843914192499,779
2021,"Northeast Anatolia",21,"total",7,0,28,10,10,0.00771082514610591,0.146942391111257,0.00677010917968219,"2021 Northeast Anatolia",0.00787266503529544,0.0104032377166832,0.00607820142106927,250
2021,"Southeast Anatolia",21,"total",7,0,28,109,109,0.00866293240024553,0.267077639653557,0.00851798567967777,"2021 Southeast Anatolia",0.00960160628812758,0.0124802809236987,0.00750186989713322,1697
2021,"WEST ANATOLIA",21,"total",7,0,28,29,29,0.00494968779782283,0.183273018512474,0.00443910361824952,"2021 WEST ANATOLIA",0.00522663858770836,0.00712605215467577,0.00395455183899747,486
2021,"WEST BLACK SEA",21,"total",7,0,28,9,9,0.00472736509425657,0.184330957380235,0.00425621282070739,"2021 WEST BLACK SEA",0.00499912067035055,0.00683632226726117,0.00377585692795714,220
2021,"WEST MARMARA",21,"total",7,0,28,9,9,0.0044001430749939,-0.0633428214780207,0.0032900138810492,"2021 WEST MARMARA",0.00374471955414076,0.00520680132422197,0.00280405480081677,156
2022,"Aegean",21,"total",7,0,28,40,40,0.00560805793683925,0.0858445322952771,0.00463430111000825,"2022 Aegean",0.00546601361466633,0.00742923428873758,0.00414330748607962,577
2022,"Central Anatolia",21,"total",7,0,28,15,15,0.00738522944111995,-0.0523284670303057,0.00544638530151345,"2022 Central Anatolia",0.00642502672206519,0.00862890400660184,0.00490671001507421,338
2022,"Central East Anatolia",21,"total",7,0,28,29,29.1070693205216,0.00732591301732711,0.186025319530622,0.00660991499730449,"2022 Central East Anatolia",0.00770441101313995,0.0101988953843544,0.00594098922766583,424.701882537504
2022,"East Black Sea",21,"total",7,0,28,11,11,0.00551032805914594,0.128626528981165,0.00471407674353956,"2022 East Black Sea",0.00556283041097411,0.00755140209809835,0.00421986307478064,125
2022,"East Marmara",21,"total",7,0,28,28,28.0423728813559,0.00401341472545646,0.340806701138134,0.00410428534729505,"2022 East Marmara",0.00480771607963862,0.00659132704652981,0.00362607895292442,392.542372881356
2022,"İstanbul",21,"total",7,0,28,32,32.1051499280971,0.00427035527537647,0.36404601615669,0.00441329228071371,"2022 İstanbul",0.00519471969852909,0.00708549967835691,0.00392944009890597,739.471763319207
2022,"Mediterranean",21,"total",7,0,28,49,49.043956043956,0.00567547758981034,0.347394937644564,0.00573511941982636,"2022 Mediterranean",0.00675239194338781,0.00903359987583929,0.00516974428889802,768.43956043956
2022,"Northeast Anatolia",21,"total",7,0,28,8,8,0.00602352315724243,0.417053504847593,0.00641485540705037,"2022 Northeast Anatolia",0.00749708046310092,0.00994646956611038,0.0057722705489679,173
2022,"Southeast Anatolia",21,"total",7,0,28,109,109.045888059295,0.00879830146072797,0.18487692417869,0.00810960048138293,"2022 Southeast Anatolia",0.00921394108429732,0.0120178047379895,0.00718063728903606,1598.97062510219
2022,"WEST ANATOLIA",21,"total",7,0,28,22,22.0836820083682,0.00467642293633682,0.309697218154067,0.00462075405133645,"2022 WEST ANATOLIA",0.00544951460332961,0.00740838940157749,0.00413027333881241,423.995815899582
2022,"WEST BLACK SEA",21,"total",7,0,28,15,15,0.00500034110604197,0.27294115903274,0.00479337586830009,"2022 WEST BLACK SEA",0.00565849225367038,0.00767186412190984,0.00429562294728953,208
2022,"WEST MARMARA",21,"total",7,0,28,9,9.08333333333333,0.00382650803437508,0.177544237393996,0.00350671471445212,"2022 WEST MARMARA",0.00403362323058997,0.00558746341700705,0.0030257630664331,131.5
2023,"Aegean",21,"total",7,0,28,36,36,0.00532732017055233,0.027617978786196,0.0042091166849003,"2023 Aegean",0.00494002126596092,0.00676080124854714,0.00372955580577477,528
2023,"Central Anatolia",21,"total",7,0,28,9,9,0.00656264984175656,0.0551810862744588,0.00528510809032694,"2023 Central Anatolia",0.00623915078053978,0.00839809902672202,0.004757892574376,288
2023,"Central East Anatolia",21,"total",7,0,28,43,43,0.00700847305936932,0.648060419109572,0.00890895560072188,"2023 Central East Anatolia",0.0099643321251574,0.0129115328660935,0.00780338949098727,400
2023,"East Black Sea",21,"total",7,0,28,6,6,0.00500462817447933,-0.0544998053073023,0.00371312470586597,"2023 East Black Sea",0.00430481496710169,0.00594168407236468,0.00323505638072197,116
2023,"East Marmara",21,"total",7,0,28,23,23,0.00409459689969264,0.381786376218559,0.00429926886693443,"2023 East Marmara",0.00505296659124932,0.00690503465298705,0.00381808426986141,368
2023,"İstanbul",21,"total",7,0,28,51,51,0.00461778891207463,0.275708407694771,0.00445554281292131,"2023 İstanbul",0.00524693515085995,0.0071518229928164,0.00397052697754296,756
2023,"Mediterranean",21,"total",7,0,28,53,53,0.00350054411163606,3.87508038310392,0.0243183214001002,"2023 Mediterranean",0.0204211573941947,0.0249887396607278,0.0167514692359944,760
2023,"Northeast Anatolia",21,"total",7,0,28,16,16,0.00636389588814015,0.19651735663475,0.00574397992626655,"2023 Northeast Anatolia",0.00676233048510804,0.00904585173662225,0.00517774799326575,180
2023,"Southeast Anatolia",21,"total",7,0,28,102,102,0.00714965598156579,1.50846791632351,0.0159467154184361,"2023 Southeast Anatolia",0.0154553502253473,0.0193163124358426,0.0124540531611328,1525
2023,"WEST ANATOLIA",21,"total",7,0,28,26,26,0.00555841830720584,0.174396038830777,0.00492777020170776,"2023 WEST ANATOLIA",0.0058193180110807,0.00787384405012019,0.00442324853701436,474
2023,"WEST BLACK SEA",21,"total",7,0,28,13,13,0.00590707885030036,-0.0739677884528913,0.00426410493489524,"2023 WEST BLACK SEA",0.00500900367672421,0.00684894067220988,0.003783604439474,231
2023,"WEST MARMARA",21,"total",7,0,28,9,9,0.00470048727568717,0.22648291463027,0.00436907296265841,"2023 WEST MARMARA",0.00513989179931129,0.00701577075737466,0.00388633704259694,156
2024,"Aegean",21,"total",7,0,28,20,20,0.00440887310711048,0.347133661997164,0.00449177237549394,"2024 Aegean",0.0052915766133454,0.0072084624728264,0.00400568297922599,440
2024,"Central Anatolia",21,"total",7,0,28,14,14,0.00682676187157291,0.00648272449261576,0.00528141165152929,"2024 Central Anatolia",0.00623486464194926,0.00839276776047428,0.0047544656359219,291
2024,"Central East Anatolia",21,"total",7,0,28,26,26,0.00729714965065726,0.314231886982193,0.00728492667099844,"2024 Central East Anatolia",0.00840157912410504,0.0110428247590882,0.0065111664631693,373
2024,"East Black Sea",21,"total",7,0,28,5,5,0.00329190048230465,0.831841419842935,0.00469740438769246,"2024 East Black Sea",0.00554264485870155,0.00752595213680052,0.00420389189796034,76
2024,"East Marmara",21,"total",7,0,28,26,26,0.00428925631955757,0.274714065215658,0.00416007880485918,"2024 East Marmara",0.00487826167426572,0.0066817619306255,0.00368122256930212,373
2024,"İstanbul",21,"total",7,0,28,36,36,0.00438621202804846,0.252004564190967,0.00417669958995254,"2024 İstanbul",0.00489921990301961,0.00670859781522346,0.00369761855688,666
2024,"Mediterranean",21,"total",7,0,28,48,48,0.00600805584077593,0.298963931322275,0.00586059705182517,"2024 Mediterranean",0.00689255132871392,0.0092062028952787,0.00528271416871038,697
2024,"Northeast Anatolia",21,"total",7,0,28,11,11,0.00658550460221472,0.258862405989186,0.00625033327468948,"2024 Northeast Anatolia",0.0073200564057854,0.0097303722311224,0.00562853833001465,178
2024,"Southeast Anatolia",21,"total",7,0,28,100,100,0.00834017147081845,0.391821313089677,0.00899186414173685,"2024 Southeast Anatolia",0.010040236215952,0.0130016059877098,0.00786659757530723,1411
2024,"WEST ANATOLIA",21,"total",7,0,28,28,28,0.00480719235400788,0.209339219649863,0.00440488141938307,"2024 WEST ANATOLIA",0.0051843051424997,0.00707226159412431,0.0039212495552039,399
2024,"WEST BLACK SEA",21,"total",7,0,28,17,17,0.00528602392198334,0.346574883866342,0.00533975285592636,"2024 WEST BLACK SEA",0.00630237707875825,0.00847669420168051,0.00480846908915735,218
2024,"WEST MARMARA",21,"total",7,0,28,10,10,0.00467711121630397,-0.00901059845083952,0.00362666307083245,"2024 WEST MARMARA",0.00419170033001353,0.0057942887395648,0.00314762310838058,161
